{"epoch": [1, 2, 3, 4, 5, 6, 7, 8, 9, 10, 11, 12, 13, 14, 15, 16, 17, 18, 19, 20, 21, 22, 23, 24, 25, 26, 27, 28, 29, 30, 31, 32, 33, 34, 35, 36, 37, 38, 39, 40], "train_accuracy": [0.0, 0.0, 0.0, 1.0, 1.0, 1.0, 1.0, 1.0, 1.0, 1.0, 1.0, 1.0, 1.0, 1.0, 1.0, 1.0, 1.0, 1.0, 1.0, 1.0, 1.0, 1.0, 1.0, 1.0, 1.0, 1.0, 1.0, 1.0, 1.0, 1.0, 1.0, 1.0, 1.0, 1.0, 1.0, 1.0, 1.0, 1.0, 1.0, 1.0], "train_loss": [0.7073587775230408, 0.7014232277870178, 0.6955546736717224, 0.6897258162498474, 0.6839286684989929, 0.678141713142395, 0.672369122505188, 0.6666511297225952, 0.6610312461853027, 0.6553922891616821, 0.6498077511787415, 0.6442344784736633, 0.6386848092079163, 0.6331972479820251, 0.6277497410774231, 0.6223497986793518, 0.616976797580719, 0.6116232872009277, 0.6063277125358582, 0.6010172367095947, 0.5957850217819214, 0.5905965566635132, 0.5854488015174866, 0.5803134441375732, 0.5752241015434265, 0.570135772228241, 0.5651138424873352, 0.5601328015327454, 0.5551822781562805, 0.5502898097038269, 0.5453806519508362, 0.5404736995697021, 0.535690188407898, 0.5308789610862732, 0.5261609554290771, 0.5214374661445618, 0.5167524814605713, 0.5120782256126404, 0.5074371695518494, 0.502856969833374], "test_accuracy": [0.16666666666666666, 0.16666666666666666, 1.0, 0.8333333333333334, 0.8333333333333334, 0.8333333333333334, 0.8333333333333334, 0.8333333333333334, 0.8333333333333334, 0.8333333333333334, 0.8333333333333334, 0.8333333333333334, 0.8333333333333334, 0.8333333333333334, 0.8333333333333334, 0.8333333333333334, 0.8333333333333334, 0.8333333333333334, 0.8333333333333334, 0.8333333333333334, 0.8333333333333334, 0.8333333333333334, 0.8333333333333334, 0.8333333333333334, 0.8333333333333334, 0.8333333333333334, 0.8333333333333334, 0.8333333333333334, 0.8333333333333334, 0.8333333333333334, 0.8333333333333334, 0.8333333333333334, 0.8333333333333334, 0.8333333333333334, 0.8333333333333334, 0.8333333333333334, 0.8333333333333334, 0.8333333333333334, 0.8333333333333334, 0.8333333333333334], "test_loss": [0.6972329020500183, 0.6933590769767761, 0.6894969940185547, 0.6856734156608582, 0.6818705201148987, 0.6780824661254883, 0.674342930316925, 0.6707015037536621, 0.66705322265625, 0.6634460091590881, 0.6598597168922424, 0.6562893390655518, 0.6527839303016663, 0.6493260264396667, 0.6459106802940369, 0.6425144076347351, 0.63913494348526, 0.6358059644699097, 0.6324935555458069, 0.6292413473129272, 0.6260411739349365, 0.6228588223457336, 0.6196925044059753, 0.6165722012519836, 0.613472044467926, 0.6104181408882141, 0.6074226498603821, 0.6044417023658752, 0.6015028953552246, 0.5985684990882874, 0.5956524014472961, 0.5928199291229248, 0.5900011658668518, 0.5872395038604736, 0.5844737887382507, 0.5817548632621765, 0.5790464878082275, 0.5763826966285706, 0.5737606287002563, 0.5711727738380432]}