{"epoch": [1, 2, 3, 4, 5, 6, 7, 8, 9, 10, 11, 12, 13, 14, 15, 16, 17, 18, 19, 20, 21, 22, 23, 24, 25, 26, 27, 28, 29, 30], "train_accuracy": [0.2773224043715847, 1.0, 1.0, 1.0, 1.0, 1.0, 1.0, 1.0, 1.0, 1.0, 1.0, 1.0, 1.0, 1.0, 1.0, 1.0, 1.0, 1.0, 1.0, 1.0, 1.0, 1.0, 1.0, 1.0, 1.0, 1.0, 1.0, 1.0, 1.0, 1.0], "train_loss": [0.7292116634223772, 0.5777176255765168, 0.43948126487109973, 0.31741740716540295, 0.2194804014719051, 0.14728782131620075, 0.10013119034145189, 0.06896898166640945, 0.04817337388901607, 0.034313303742395794, 0.02549835707506408, 0.01921701923255687, 0.014768502836965996, 0.011742777515040792, 0.00953336359690065, 0.007902538616453176, 0.0066318264757485495, 0.005651835706489889, 0.004888100660932453, 0.004278388992964249, 0.0037073796594758396, 0.0032476809118752894, 0.0028677518712356687, 0.0025733792901282077, 0.0023143378708957007, 0.002082566287793705, 0.0019076123008625987, 0.0017571747227085998, 0.001613990530250189, 0.001494824385229984], "test_accuracy": [1.0, 1.0, 1.0, 1.0, 1.0, 1.0, 1.0, 1.0, 1.0, 1.0, 1.0, 1.0, 1.0, 1.0, 1.0, 1.0, 1.0, 1.0, 1.0, 1.0, 1.0, 1.0, 1.0, 1.0, 1.0, 1.0, 1.0, 1.0, 1.0, 1.0], "test_loss": [0.6496739784876505, 0.5053437054157257, 0.3727014238635699, 0.26269017656644184, 0.17739775031805038, 0.11979549999038379, 0.08213162298003833, 0.05730404083927473, 0.040192315665384136, 0.029451412614434958, 0.022162235031525295, 0.01682941832890113, 0.013242538552731276, 0.010626445291563869, 0.0087270945077762, 0.007299654379797478, 0.006177493215849002, 0.005305607376309733, 0.004644727722431223, 0.004026136264049758, 0.0035063660664794347, 0.0030836089669416347, 0.002746316332680484, 0.0024743403385703764, 0.0022143402214472494, 0.0020170621282886714, 0.0018524506691998492, 0.0017072541716819007, 0.0015751819300930947, 0.0014624082735584427]}